{
  "company": {
    "name": "Property Rentwala",
    "tagline": "Your Dream Property Awaits",
    "description": "India's leading real estate platform dedicated to helping you find your dream property across major Indian cities."
  },
  "contact": {
    "phones": [
      "+91 818181-1678"
    ],
    "emails": [
      "property.rentwala@gmail.com"
    ],
    "legal": {
      "email": "legal.rentwala@gmail.com",
      "phone": "+91 818181-1678"
    }
  },
  "addresses": {
    "headquarters": {
      "street": "DLF Cyber City, Sector 25",
      "city": "Gurgaon",
      "state": "Haryana",
      "pincode": "122002",
      "full": "DLF Cyber City, Sector 25, Gurgaon, Haryana 122002"
    }
  },
  "social": {
    "facebook": "https://facebook.com/rentwala",
    "twitter": "https://twitter.com/rentwala",
    "instagram": "https://instagram.com/rentwala",
    "linkedin": "https://linkedin.com/company/rentwala"
  },
  "business": {
    "workingHours": {
      "weekdays": "Mon - Fri: 9:00 AM - 7:00 PM",
      "weekends": "Sat - Sun: 10:00 AM - 5:00 PM"
    },
    "established": "2012",
    "experience": "12+",
    "locations": ["Gurgaon", "Delhi", "Noida", "Faridabad", "Ghaziabad"]
  },
  "stats": {
    "propertiesSold": "25,000+",
    "happyClients": "15,000+",
    "yearsExperience": "12+",
    "successRate": "99%"
  }
}